[
  {
    "date": "2025-01-01",
    "inflow": 2513800.0,
    "outflow": 0.0,
    "additional_income_net": 2013800.0,
    "capital_return_net": 500000.0,
    "net": 2513800.0
  },
  {
    "date": "2025-02-01",
    "inflow": 2513800.0,
    "outflow": 0.0,
    "additional_income_net": 2013800.0,
    "capital_return_net": 500000.0,
    "net": 2513800.0
  },
  {
    "date": "2025-03-01",
    "inflow": 2513800.0,
    "outflow": 0.0,
    "additional_income_net": 2013800.0,
    "capital_return_net": 500000.0,
    "net": 2513800.0
  },
  {
    "date": "2025-04-01",
    "inflow": 2513800.0,
    "outflow": 0.0,
    "additional_income_net": 2013800.0,
    "capital_return_net": 500000.0,
    "net": 2513800.0
  },
  {
    "date": "2025-05-01",
    "inflow": 2513800.0,
    "outflow": 0.0,
    "additional_income_net": 2013800.0,
    "capital_return_net": 500000.0,
    "net": 2513800.0
  },
  {
    "date": "2025-06-01",
    "inflow": 2513800.0,
    "outflow": 0.0,
    "additional_income_net": 2013800.0,
    "capital_return_net": 500000.0,
    "net": 2513800.0
  },
  {
    "date": "2025-07-01",
    "inflow": 2513800.0,
    "outflow": 0.0,
    "additional_income_net": 2013800.0,
    "capital_return_net": 500000.0,
    "net": 2513800.0
  },
  {
    "date": "2025-08-01",
    "inflow": 2513800.0,
    "outflow": 0.0,
    "additional_income_net": 2013800.0,
    "capital_return_net": 500000.0,
    "net": 2513800.0
  },
  {
    "date": "2025-09-01",
    "inflow": 2513800.0,
    "outflow": 0.0,
    "additional_income_net": 2013800.0,
    "capital_return_net": 500000.0,
    "net": 2513800.0
  },
  {
    "date": "2025-10-01",
    "inflow": 2513800.0,
    "outflow": 0.0,
    "additional_income_net": 2013800.0,
    "capital_return_net": 500000.0,
    "net": 2513800.0
  },
  {
    "date": "2025-11-01",
    "inflow": 2513800.0,
    "outflow": 0.0,
    "additional_income_net": 2013800.0,
    "capital_return_net": 500000.0,
    "net": 2513800.0
  },
  {
    "date": "2025-12-01",
    "inflow": 2513800.0,
    "outflow": 0.0,
    "additional_income_net": 2013800.0,
    "capital_return_net": 500000.0,
    "net": 2513800.0
  }
]