{
  "timestamp": "20250908_180352",
  "commit_sha": "sprint11-closure-20250908-164627",
  "results": {
    "cashflow": {
      "status": "PASS",
      "rows": 12
    },
    "compare": {
      "status": "PASS",
      "scenarios": 1,
      "months": 12
    },
    "pdf": {
      "status": "PASS",
      "size": 76870,
      "valid": true
    },
    "consistency": {
      "status": "PASS",
      "diff": 0.0
    },
    "zip": {
      "status": "PASS",
      "filename": "yearly_totals_verification_20250908_180352.zip",
      "sha256": "bd0d7def8ac9e5adef4bb6539c1a87451da88fa6ddaaaa2c4439f21f4f21298c"
    }
  }
}