{
  "timestamp": "20250908_175856",
  "commit_sha": "sprint11-closure-20250908-164627",
  "results": {
    "cashflow": {
      "status": "PASS",
      "rows": 12
    },
    "compare": {
      "status": "PASS",
      "scenarios": 1,
      "months": 12
    },
    "pdf": {
      "status": "FAIL",
      "code": 400
    },
    "consistency": {
      "status": "PASS",
      "diff": 0.0
    },
    "zip": {
      "status": "PASS",
      "filename": "yearly_totals_verification_20250908_175856.zip",
      "sha256": "5f1826351ec01fb068d8f16891e1d3c47182b08f338a60e4f9ed7713fae9df3f"
    }
  }
}