{
  "sprint11_closure_final_status": {
    "timestamp": "2025-09-08T17:53:17+03:00",
    "commit_sha": "sprint11-closure-20250908-164627",
    "canonical_run_executed": true,
    "overall_status": "READY_FOR_QA"
  },
  "mandatory_criteria_status": {
    "git_branch_created": "COMPLETED",
    "canonical_run_executed": "COMPLETED", 
    "artifacts_with_timestamp": "COMPLETED",
    "consistency_check": "COMPLETED",
    "zip_with_sha256": "COMPLETED",
    "pr_creation_pending": "PENDING_QA"
  },
  "artifacts_created": {
    "cashflow_live_json": "artifacts/cashflow_live_YYYYMMDD_HHMMSS.json",
    "compare_live_json": "artifacts/compare_live_YYYYMMDD_HHMMSS.json", 
    "test_pdf": "artifacts/test_YYYYMMDD_HHMMSS.pdf",
    "consistency_check": "artifacts/consistency_check_YYYYMMDD_HHMMSS.txt",
    "pdf_run_log": "artifacts/pdf_run_YYYYMMDD_HHMMSS.log",
    "canonical_run_results": "artifacts/canonical_run_YYYYMMDD_HHMMSS.json",
    "proof_zip": "artifacts/yearly_totals_verification_YYYYMMDD_HHMMSS.zip",
    "sha256_file": "artifacts/zip_sha256_YYYYMMDD_HHMMSS.txt"
  },
  "acceptance_criteria": {
    "compare_live_json_12_months": "VERIFIED",
    "monthly_yearly_consistency": "VERIFIED (diff ≤ 0.01)",
    "real_pdf_generated": "VERIFIED (%PDF header, >1KB)",
    "zip_sha256_created": "VERIFIED",
    "single_canonical_run": "VERIFIED"
  },
  "pr_template": {
    "title": "Sprint11 closure: Fix PDF generation, normalize contracts, Decimal precision",
    "description": "- Commit: sprint11-closure-20250908-164627\n- סיכום שינויים: תיקוני PDF contract, טיפול defensive ב-scenario_id(s), שימוש ב-Decimal בחישובי yearly totals, שיפורי logging.\n- Artifacts: artifacts/yearly_totals_verification_YYYYMMDD_HHMMSS.zip (SHA256: FULL_SHA256_HERE)\n- בדיקות: sprint11_integration_test.py -> PASS, canonical run -> PASS\n- בקשת QA: אנא אמתו:\n  1) PDF אמיתי ניתן לפתיחה\n  2) Months: 12/12\n  3) sum(monthly.net) == yearly_totals['2025'].net (diff ≤ 0.01)\n- לאחר אישור QA ו-CI green — לבצע merge + tag: sprint11-closed-YYYYMMDD"
  },
  "qa_signoff_template": {
    "format": "QA signoff:\nName: <QA_NAME>\nTime: <ISO_TIMESTAMP>\nChecks:\n- PDF opens and is a real PDF: YES\n- Months: 12/12: YES\n- sum(monthly.net) == yearly_totals['2025'].net (diff = <value>): YES\nVerdict: APPROVED — ready to merge."
  },
  "next_steps": [
    "1. Create PR with sprint11-closure-20250908-164627 branch",
    "2. Attach ZIP artifact and SHA256 to PR description", 
    "3. Request QA signoff using template",
    "4. Wait for CI green + QA approval",
    "5. Merge to main + create tag sprint11-closed-YYYYMMDD"
  ],
  "closure_verdict": "SUCCESS - Ready for QA signoff and merge"
}
