{
  "sprint11_closure_proof": {
    "timestamp": "2025-09-08T15:25:39.942456",
    "zip_filename": "sprint11_closure_proof_20250908_152539.zip",
    "zip_size_bytes": 18878,
    "sha256": "dffad8982d3f8ef9d584856513474401bfe53b7ced8554ccc6fd562fc1e1d917",
    "status": "COMPLETED",
    "fixes_applied": [
      "Fixed undefined variables in report_service.py build_summary_table",
      "Normalized PDF contract with priority handling (path > body)",
      "Added Decimal precision for yearly totals calculation",
      "Enhanced error handling and logging throughout PDF flow",
      "Created robust contract adapter with fallback mechanisms"
    ],
    "verification_status": {
      "backend_health": "OK",
      "compare_api": "12/12 months",
      "yearly_totals": "Decimal precision with proper rounding",
      "pdf_contract": "Normalized input handling",
      "error_handling": "Robust logging and graceful degradation"
    },
    "global_verdict": "PASS",
    "sprint11_closure": "SUCCESS"
  }
}