{
  "scenarios": [
    {
      "scenario_id": 24,
      "monthly": [
        {
          "date": "2025-01-01",
          "inflow": 2513800.0,
          "outflow": 0.0,
          "additional_income_net": 2013800.0,
          "capital_return_net": 500000.0,
          "net": 5027600.0
        },
        {
          "date": "2025-02-01",
          "inflow": 2513800.0,
          "outflow": 0.0,
          "additional_income_net": 2013800.0,
          "capital_return_net": 500000.0,
          "net": 5027600.0
        },
        {
          "date": "2025-03-01",
          "inflow": 2513800.0,
          "outflow": 0.0,
          "additional_income_net": 2013800.0,
          "capital_return_net": 500000.0,
          "net": 5027600.0
        },
        {
          "date": "2025-04-01",
          "inflow": 2513800.0,
          "outflow": 0.0,
          "additional_income_net": 2013800.0,
          "capital_return_net": 500000.0,
          "net": 5027600.0
        },
        {
          "date": "2025-05-01",
          "inflow": 2513800.0,
          "outflow": 0.0,
          "additional_income_net": 2013800.0,
          "capital_return_net": 500000.0,
          "net": 5027600.0
        },
        {
          "date": "2025-06-01",
          "inflow": 2513800.0,
          "outflow": 0.0,
          "additional_income_net": 2013800.0,
          "capital_return_net": 500000.0,
          "net": 5027600.0
        },
        {
          "date": "2025-07-01",
          "inflow": 2513800.0,
          "outflow": 0.0,
          "additional_income_net": 2013800.0,
          "capital_return_net": 500000.0,
          "net": 5027600.0
        },
        {
          "date": "2025-08-01",
          "inflow": 2513800.0,
          "outflow": 0.0,
          "additional_income_net": 2013800.0,
          "capital_return_net": 500000.0,
          "net": 5027600.0
        },
        {
          "date": "2025-09-01",
          "inflow": 2513800.0,
          "outflow": 0.0,
          "additional_income_net": 2013800.0,
          "capital_return_net": 500000.0,
          "net": 5027600.0
        },
        {
          "date": "2025-10-01",
          "inflow": 2513800.0,
          "outflow": 0.0,
          "additional_income_net": 2013800.0,
          "capital_return_net": 500000.0,
          "net": 5027600.0
        },
        {
          "date": "2025-11-01",
          "inflow": 2513800.0,
          "outflow": 0.0,
          "additional_income_net": 2013800.0,
          "capital_return_net": 500000.0,
          "net": 5027600.0
        },
        {
          "date": "2025-12-01",
          "inflow": 2513800.0,
          "outflow": 0.0,
          "additional_income_net": 2013800.0,
          "capital_return_net": 500000.0,
          "net": 5027600.0
        }
      ],
      "yearly_totals": {
        "2025": {
          "inflow": 30165600.0,
          "outflow": 0.0,
          "additional_income_net": 24165600.0,
          "capital_return_net": 6000000.0,
          "net": 60331200.0
        }
      }
    }
  ],
  "meta": {
    "client_id": 1,
    "from": "2025-01",
    "to": "2025-12",
    "frequency": "monthly",
    "case": {
      "id": 2,
      "name": "SELF_EMPLOYED_ONLY",
      "reasons": [
        "no_current_employer",
        "has_business_income"
      ]
    }
  }
}