{
  "package_name": "retirement-planning-system",
  "version": "1.0.0",
  "build_timestamp": "20250909_174123",
  "build_date": "2025-09-09T17:41:24.259868",
  "components": {
    "api_server": "FastAPI application with REST endpoints",
    "database": "PostgreSQL with Alembic migrations",
    "pdf_generation": "ReportLab with matplotlib charts",
    "calculation_engine": "Pension and cashflow calculations",
    "xml_import": "Product data import and mapping",
    "logging": "Comprehensive calculation audit trail"
  },
  "deployment": {
    "docker": "Multi-stage Dockerfile with production optimizations",
    "docker_compose": "Full stack with PostgreSQL, Redis, Nginx",
    "migrations": "Alembic database migrations",
    "health_checks": "Application and database health monitoring"
  },
  "testing": {
    "unit_tests": "Comprehensive unit test coverage",
    "integration_tests": "API and database integration tests",
    "e2e_tests": "Complete workflow end-to-end tests",
    "ci_cd": "GitHub Actions pipeline with security scanning"
  },
  "requirements": {
    "python": "3.11+",
    "database": "PostgreSQL 12+",
    "memory": "2GB+ recommended",
    "storage": "5GB+ for data and logs"
  }
}